,EUA FUTURES - EUA - DEC25,,,UKA FUTURES - UKA - DEC25,,,CCA FUTURES - CCA V25 - DEC25,,,CCA FUTURES - CCA V26 - DEC26,,,EUA DAILY FUTURES - EUA DAILY - FUTURES TODAY,,UKA DAILY FUTURES - UKA DAILY - FUTURES TODAY,
45937,,,,,,,,,,,,,,,,
45936,78.75,,0,56.54,,0,32.3,2042,0,34.05,1188,0,78.4,,56.04,
45933,79.16,33990,361436,57.02,1866,64864,32.13,2889,161267,33.86,1280,82053,78.79,1674,56.5,10
45932,77.43,31991,360295,56.3,3414,64940,31.9,4171,161723,33.62,694,81328,77.06,2041,55.79,65
45931,76.33,33967,358983,54.42,5155,64479,31.37,3987,161444,33.08,1884,81174,75.96,1526,53.89,1177
45930,75.72,24553,360319,54.06,1984,64111,31.09,3065,162162,32.81,1097,80256,75.35,611,53.58,126
45929,76.79,27910,359076,55.36,1888,64064,30.98,5217,161908,32.7,3106,79671,76.4,1713,54.86,135
45926,75.98,20192,355873,54.3,4701,64058,31.18,1408,161737,32.91,675,76881,75.59,1743,53.8,576
45925,75.76,25387,353056,56.08,1618,64166,31.13,5178,162082,32.88,836,76404,75.36,1313,55.5,94
45924,76.02,22107,354700,56.84,1525,64052,31.24,3062,163071,32.98,1360,76018,75.61,4190,56.27,1001
45923,76.79,25554,357172,57.01,1494,64194,31.27,3726,163816,33.02,1317,75163,76.37,2267,56.43,90
45922,76.21,27291,355535,56.49,1600,64182,31.26,5273,164683,33.01,992,75262,75.78,3576,55.95,363
45919,77.55,18696,353508,57.6,2265,64139,31.39,6728,163048,33.14,911,74829,77.11,1838,56.96,1048
45918,77.84,26382,352301,58.19,1238,63609,31.32,3764,164454,33.07,1052,74463,77.39,4865,57.54,34
45917,76.98,31125,351066,57.38,3358,63428,31.09,4265,164658,32.82,2002,74050,76.52,1460,56.73,1432
45916,77.51,32480,352111,57.47,1255,62494,31.97,5616,164975,33.76,1000,72450,77.05,1507,56.82,54
45915,76.75,29113,353026,56.79,991,62587,32.47,7971,164662,34.33,737,71820,76.29,1456,56.15,18
45912,75.77,21584,351133,56.11,1074,62356,31.81,5572,165245,33.63,1270,71497,75.3,1938,55.46,2
45911,75.54,34837,349117,55.99,2811,62561,31.34,7693,166649,33.12,4585,71125,75.06,3236,55.34,27
45910,77.1,25229,348331,57.35,1963,62482,30.66,13154,168314,32.39,3227,70693,76.61,1867,56.66,322
45909,76.9,31664,346299,57.3,3506,62332,28.6,9914,169480,30.26,3810,70136,76.39,2441,56.6,839
45908,77.17,28614,344793,57.1,1827,61848,28.78,7906,170861,30.44,4804,67939,76.66,1823,56.4,151
45905,76.04,27459,343314,56.12,1507,62062,28.71,4582,173113,30.36,715,66819,75.52,959,55.41,40
45904,75.44,27448,343492,55.73,1849,62128,29.04,3446,173007,30.76,79,66743,74.91,1789,55.03,2
45903,74.95,28898,342971,54.64,2791,62109,29.26,4169,173459,30.99,325,66696,74.42,1910,53.96,1428
45902,73.61,28081,344044,53.95,1618,61477,29.36,3364,172945,31.11,419,66421,73.08,4082,53.25,39
45901,73.97,32664,345801,54.25,1554,61381,29.5,129,174038,31.26,0,66129,73.44,1823,53.55,28
45898,72.99,23413,342992,53.14,1456,61267,29.5,4142,173981,31.26,2340,66129,72.46,2644,52.44,3
45897,71.72,24616,340721,51.62,1676,61202,29.43,3437,173844,31.18,782,65975,71.19,1852,50.94,67
45896,72.24,19034,339452,51.86,1711,61121,28.84,4430,173585,30.58,873,65343,71.71,1112,51.12,397
45895,72.75,21041,340557,52.18,1433,61074,28.95,3363,173596,30.71,22,64713,72.2,2278,51.45,139
45894,72.19,15152,338181,52.19,0,60963,28.81,1374,172306,30.57,6,64727,71.64,1249,51.43,0
45891,72.53,14896,337516,52.19,1198,60963,28.78,1576,172072,30.53,450,64721,71.97,1286,51.43,25
45890,72.62,26994,336880,52.05,1603,60874,28.91,2891,172244,30.68,4,64464,72.06,2888,51.31,9
45889,71.29,17706,336461,50.83,3076,60802,29.16,3791,172248,30.93,524,64463,70.73,1233,50.08,681
45888,71.16,21751,335216,50.58,1285,59633,28.97,5224,172342,30.74,720,64140,70.59,6253,49.81,158
45887,71.82,22935,334562,51.08,1788,59577,28.35,2277,171570,30.1,527,63922,71.24,1285,50.3,211
45884,70.68,16547,332925,50.8,933,59624,28.33,1294,171544,30.08,489,63912,70.1,2154,50.01,1704
45883,70.96,27412,331793,51.15,1484,59560,28.2,1150,171758,29.96,135,63866,70.36,3356,50.35,33
45882,71.74,14846,334724,51.53,955,59433,28.3,2242,171696,30.08,845,63814,71.13,659,50.73,1
45881,71.5,17885,333519,51.72,1165,59529,28.31,1927,171812,30.1,896,63129,70.88,2238,50.91,42
45880,72.37,18799,332913,51.98,3535,59427,28.32,955,172816,30.11,146,62297,71.74,2353,51.17,0
45877,73.21,28220,334592,51.86,1912,59407,28.32,2103,172964,30.11,648,62152,72.56,1602,51.05,20
45876,71.77,25407,334273,51.04,1691,59394,28.18,1769,173152,29.96,756,62017,71.14,2225,50.26,7
45875,70.99,17204,335278,50.32,3053,59533,28.24,1269,173694,30.01,825,61371,70.35,1294,49.54,1234
45874,71.59,21039,333937,51.05,1022,58250,28.18,1428,173756,29.96,1000,60571,70.94,684,50.18,51
45873,70.85,22021,333839,50.91,854,58187,28.02,1925,174211,29.78,610,60319,70.2,1337,50.07,7
45870,71.04,27573,335306,49.94,2090,58148,28.2,1822,174017,29.98,774,59985,70.39,1318,49.1,32
45869,72.66,20485,335217,50.99,1409,57642,28.31,2698,173301,30.14,1051,59857,71.96,1513,50.11,35
45868,72.86,15023,334621,51.56,1471,57572,28.44,2472,174304,30.26,1435,58932,72.17,749,50.7,38
45867,73.08,32106,335880,52.18,1568,57576,28.37,2981,175917,30.18,1105,58280,72.39,1529,51.32,33
45866,70.65,24470,333961,51.16,1943,57580,28.03,1580,176749,29.83,0,58329,69.96,2427,50.28,14
45863,71.34,17457,333078,50.1,697,58101,28.03,1428,176570,29.83,715,58329,70.65,1192,49.2,8
45862,70.88,30788,332644,50.3,1844,58021,28.05,3576,177445,29.85,1335,58235,70.19,3738,49.38,531
45861,69.36,19477,331048,49.48,3023,57985,28.07,2006,177948,29.87,633,58185,68.7,1625,48.56,283
45860,69.11,24527,329710,49.55,2002,56551,28.1,4029,178280,29.9,0,58118,68.43,1907,48.65,462
45859,69.83,20623,328708,48.71,1351,56546,28.07,3244,177289,29.86,140,58118,69.14,2349,47.79,38
45856,69.89,18031,327097,49.21,1724,56649,28.24,1077,176795,30.05,400,57978,69.18,685,48.28,82
45855,70.55,20011,326066,50.98,1570,56599,28.3,1222,177107,30.1,51,57645,69.82,1560,50.04,9
45854,71.31,18060,326325,51.14,2445,57112,28.21,2161,177306,30,0,57594,70.57,3065,50.23,93
45853,71.51,19394,325885,49.74,1356,57185,28.15,2593,176541,29.96,21,57594,70.76,2299,48.83,5
45852,70.42,23685,323301,48.15,1164,57148,28.33,1509,176283,30.14,45,57594,69.67,1630,47.25,1
45849,70.55,21755,321020,47.51,974,57043,28.44,2563,176347,30.25,830,57630,69.8,3140,46.58,15
45848,70.74,18580,321618,47.23,1606,57033,28.26,991,177037,30.06,100,57630,69.98,2252,46.3,380
45847,70.39,17800,320154,46.56,3112,57076,28.14,1595,177222,29.95,414,57630,69.64,1380,45.63,5289
45846,70.42,20657,319320,47.37,1405,56029,28.1,2835,177474,29.9,1097,57316,69.66,2031,46.48,116
45845,71.2,17583,318933,47.7,883,55955,28.15,1165,177780,29.94,250,56939,70.44,3352,46.79,15
45842,71.67,12909,319160,47.71,895,55933,28.21,0,177917,30.02,0,56939,70.89,1069,46.8,4226
45841,72.06,22285,318241,48.5,1395,55919,28.21,1081,177917,30.02,155,56939,71.26,2440,47.57,763
45840,71.93,21001,319486,48.15,1633,56177,28.35,1180,177939,30.14,92,56789,71.13,4086,47.19,30
45839,70.58,25719,318476,46.82,2253,56177,28.34,1930,178106,30.14,600,56728,69.8,3282,45.93,31
45838,68.97,27538,319974,46.08,3500,56154,28.39,2163,177803,30.15,50,56738,68.19,2516,45.15,92
45835,70.96,24507,319363,48.12,2283,56433,28.08,1158,177590,29.87,0,56688,70.14,2430,47.08,575
45834,70.4,35184,320370,47.65,3506,56362,28.21,2658,177643,30,0,56688,69.57,10453,46.62,599
45833,71.15,31975,322739,49.63,3737,56605,28.44,5526,177616,30.25,80,56688,70.29,5784,48.56,1296
45832,73.54,38626,321931,51.27,1589,55514,27.87,2770,178376,29.67,700,56698,72.67,8029,50.16,20
45831,73.27,26599,324446,50.79,1642,55538,27.91,2453,178422,29.73,135,56156,72.38,6767,49.69,142
45828,72.97,22325,324690,51,1234,55234,27.84,2683,178062,29.66,956,56213,72.09,6142,49.83,2261
45827,72.74,41798,325610,51.67,2176,55128,27.67,43,178410,29.51,0,56290,71.86,3869,50.47,646
45826,74.61,25811,324035,53.64,1145,54903,27.67,4217,178440,29.51,665,56290,73.69,2376,52.39,232
45825,74.64,25551,325145,53.3,1260,54757,27.13,2839,177842,28.97,175,55886,73.72,2860,52.07,76
45824,75.34,29697,323780,53.86,1100,54785,26.84,2266,177828,28.68,831,55786,74.41,3680,52.64,16
45821,75.94,29689,323965,54.56,1622,54802,26.82,2306,178762,28.64,1030,55339,75,718,53.3,14233
45820,75.39,36666,324500,53.92,1997,54746,26.72,2435,180193,28.53,1327,55157,74.46,5282,52.66,166
45819,74.36,30307,322494,52.75,3186,54589,26.7,1425,180508,28.5,150,54300,73.43,2675,51.5,1389
45818,72.66,27510,320699,51.79,1576,53891,26.82,2239,180679,28.64,770,54150,71.75,5083,50.56,27
45817,74.23,21681,320734,51.41,1438,53599,26.91,2618,180838,28.74,775,53960,73.3,385,50.19,3
45814,73.5,15973,321022,50.4,1050,53750,26.85,3463,181852,28.69,1328,53460,72.56,1051,49.16,0
45813,72.74,27691,321194,50.5,1056,53754,26.83,4553,182689,28.62,501,52914,71.79,2311,49.25,16
45812,72.61,22761,320187,50.3,1029,53946,26.84,5843,183944,28.6,1265,52513,71.67,1464,49.03,17
45811,72.6,27013,319824,50.67,1664,53808,26.9,3904,183449,28.71,1278,52213,71.66,5250,49.39,118
45810,70.91,26323,317426,50.11,1630,53872,26.94,1959,183281,28.74,40,50966,69.97,1137,48.79,43
45807,70.41,19730,317555,51.26,746,53848,26.86,4091,183433,28.65,409,50931,69.48,2397,49.92,58
45806,70.94,24700,320491,51.82,1544,53802,26.9,6819,182402,28.7,276,50712,69.99,1674,50.48,133
45805,72.07,24162,320932,51.72,3473,55791,26.96,3149,182193,28.76,410,50602,71.09,4869,50.36,1008
45804,71.76,24938,318101,52.05,1867,54586,27.06,2943,181836,28.89,401,50357,70.77,4248,50.66,324
45803,73.03,13103,316769,51.69,0,54320,27.26,0,181772,29.06,0,50007,72.02,234,50.28,0
45800,71.56,29771,317448,51.69,2088,54320,27.26,1503,181806,29.06,103,50007,70.57,2254,50.28,320
45799,72.15,25750,318727,52.95,1644,53563,27.19,1867,181349,29,876,49918,71.12,1534,51.51,26
45798,72.74,22246,318115,54.82,2237,53235,27.19,5756,181407,29,2088,49107,71.71,1017,53.35,352
45797,73.18,29314,317798,55.08,4010,52860,27.25,2162,180742,29.04,477,47100,72.14,2794,53.58,110
45796,70.42,34545,316698,52.43,5529,53510,27.2,1636,180579,29,55,46915,69.4,2305,51.06,41
45793,70.99,36994,317705,48.36,2496,53843,27.45,1715,180227,29.25,118,46865,69.94,2974,47.04,675
45792,73.41,25382,317478,48.66,3214,53147,27.75,1731,180041,29.57,60,46865,72.34,1509,47.34,301
45791,72.33,21274,318806,49.44,5212,53149,28.34,4919,180100,30.19,1294,46815,71.25,2666,48.07,2153
45790,72.9,29597,318809,51.75,2738,51492,28.21,2217,179539,30.06,538,46010,71.81,2260,50.32,0
45789,73.41,33933,322318,52.71,2193,51863,28.4,2583,179415,30.25,852,45804,72.31,3501,51.23,88
45786,70.39,20188,323552,51.39,1623,52116,28.17,2268,179470,30,590,45297,69.35,3167,49.99,533
45785,70.72,25131,324400,51.77,2085,52423,27.92,4904,179471,29.73,2609,44795,69.67,1306,50.37,7
45784,71.06,33334,325047,51.87,1816,52653,27.94,3203,179155,29.72,1885,43170,70.01,2806,50.46,3041
45783,69.27,27184,328301,50.75,1875,52525,27.93,1771,178971,29.69,200,41880,68.22,2363,49.33,220
45782,67.47,20259,327642,,,,27.78,1374,179228,29.53,6,41880,66.45,548,,
45779,68.76,27728,327584,49.63,1800,52245,27.66,3453,179448,29.42,460,41882,67.73,1027,48.24,641
45778,67.02,9489,328038,47.96,2054,52063,27.34,4037,179050,29.08,2352,41782,66.01,182,46.62,370
45777,66.55,22933,329167,47.21,3521,51929,27.16,3114,179993,28.88,1321,40827,65.54,405,45.87,1255
45776,64.85,24939,331622,47.62,2307,51097,27.08,3148,180655,28.82,793,40042,63.82,1454,46.27,229
45775,65.31,23552,328527,47.52,3645,50935,27.11,1907,180201,28.85,1456,39605,64.28,1383,46.17,214
45772,66.43,24749,328566,47.46,2309,50461,27.27,4720,180379,29.02,1316,39009,65.38,1044,46.09,775
45771,66.31,26372,328740,47.5,1898,49976,27,7938,180315,28.73,3426,39017,65.27,1724,46.14,159
45770,66.9,32337,328807,48.22,2155,49806,26.87,7876,180129,28.57,3940,38918,65.84,1920,46.85,32
45769,64.39,26243,329625,46.7,2351,49772,27.1,5936,179221,28.8,2393,40342,63.35,1688,45.38,618
45768,65.89,0,328126,47.16,0,49639,27.29,4545,178295,28.96,537,38848,64.78,0,45.72,0
45765,,,,,,,,,,,,,,,,
45764,65.89,21383,328130,47.16,1185,49642,27.96,1401,177290,29.67,142,38361,64.78,5226,45.72,1247
45763,66.97,26885,327733,47.4,2585,49686,27.4,3379,177241,29.1,1102,38426,65.82,3019,45.96,719
45762,66.19,27300,328550,47.43,1178,49055,27.63,8052,177488,29.35,1908,37631,65.07,5344,46.06,55
45761,66.51,27992,327744,47.02,1341,48874,26.7,4269,178241,28.39,125,38248,65.36,1692,45.62,50
45758,64.82,37729,328218,46.23,3521,48945,26.72,4473,180266,28.45,847,38143,63.71,2186,44.88,129
45757,62.12,41994,328856,43.18,2304,48611,26.98,15552,181869,28.69,3297,37973,61.05,2084,41.88,40
45756,60.94,48627,329497,41.18,3329,48390,27.36,39353,181408,29.12,5431,37647,59.89,2092,39.88,578
45755,62.06,44524,329531,41.71,2953,48042,29.83,5185,184742,31.67,1620,34479,60.94,3098,40.37,352
45754,62.84,66179,330726,41.79,4901,47671,29.84,2284,184778,31.67,415,34047,61.73,4178,40.42,222
45751,63.82,64779,331383,43.28,2223,47436,29.62,7421,184817,31.47,3361,34305,62.67,4922,41.85,208
45750,66.06,49996,336361,44.88,2555,47514,29.98,6691,184961,31.88,5096,32548,64.82,4094,43.41,291
45749,68.55,26794,336480,44.9,2257,47816,30.26,3392,185352,32.2,1470,30107,67.23,3425,43.38,884
45748,69.86,35632,333401,45.89,2197,47115,30.49,2778,186333,32.45,1290,29666,68.52,5895,44.33,411
45747,67.98,35099,330277,45.06,1481,47091,30.79,1436,185901,32.76,825,28931,66.66,1304,43.51,169
45744,68.8,22718,330548,44.59,976,47049,30.9,1245,185932,32.87,553,29381,67.44,3209,43.04,28
45743,68.54,43810,330741,44.98,2418,46680,30.74,4015,185946,32.71,1460,28878,67.16,0,43.42,326
45742,70.83,30763,331610,46.34,1973,46704,30.86,3243,185783,32.85,270,27878,69.37,0,44.72,579
45741,70.46,27998,331662,46.71,2585,46634,31.55,2511,185772,33.57,6,27868,68.99,0,45.09,6
45740,71.52,23883,330494,46.03,2597,46611,31.71,4893,185500,33.73,605,27862,70.05,0,44.44,79
45737,71.45,26970,330421,46.24,2058,46615,30.65,2231,188972,32.62,37,27507,69.94,3453,44.58,1405
45736,73.01,27713,329253,46.54,1757,46487,30.55,1538,189000,32.52,538,27502,71.47,0,44.88,711
45735,73.44,35877,328614,46.42,2438,45983,30.73,3907,189386,32.71,297,26964,71.89,0,44.76,965
45734,71.3,31663,326310,45.78,2910,45414,30.97,5058,188701,32.97,1061,26734,69.8,0,44.18,309
45733,70.11,20052,322939,43.54,1760,45536,30.12,4138,187609,32.1,76,25673,68.61,0,41.98,5
45730,70.99,25079,322745,44.29,1825,45526,29.9,4517,188987,31.87,1500,25597,69.47,1442,42.69,32
45729,70.6,37734,321147,44.04,5336,45604,30.02,18409,190135,31.99,4620,24354,69.09,0,42.52,103
45728,69.62,27441,320702,41.39,3651,44973,31.21,6389,190944,33.21,397,20646,68.12,0,39.93,384
45727,68.24,30997,319989,38.5,1698,45055,31.35,5812,190303,33.33,2300,20454,66.75,0,37.09,227
45726,69.01,37583,318886,39.3,2839,44272,31.89,5613,192293,33.85,8,19042,67.48,0,37.88,383
45723,68.63,41022,313127,39.06,2626,44371,32.97,4509,194185,35.03,110,19042,67.11,6742,37.62,17
45722,67.32,42508,312131,38.92,2733,44174,32.89,3165,195148,34.95,167,19032,65.79,2505,37.48,93
45721,68.79,40171,309971,39.64,3314,44136,32.47,4215,195486,34.5,250,18892,67.26,4331,38.17,848
45720,68.5,53985,309732,39.69,1970,44402,32.11,2576,196376,34.11,335,18742,66.99,6183,38.34,167
45719,71.55,26455,306181,41.51,2026,44815,32.21,1021,196552,34.25,25,18732,69.97,1492,40.01,154
45716,71,27422,305033,42.87,1375,45203,32.06,2547,196587,34.1,0,18707,69.4,1964,41.37,15
45715,72.78,35015,306175,43.5,2411,44931,32.36,4499,196850,34.41,0,18707,71.16,1578,41.9,74
45714,71.02,32840,307467,41.82,2566,45221,32.14,5412,197355,34.19,250,18707,69.4,1349,40.31,14
45713,71.75,31670,308138,40.67,2558,45581,31.63,3070,196541,33.64,45,18457,70.08,3593,39.2,829
45712,73.66,31862,307865,41.21,3248,45007,31.5,3630,195205,33.55,0,18412,71.94,2273,39.61,1573
45709,73.9,29690,309194,40.66,1767,44272,31.4,2898,194665,33.45,364,18412,72.15,2555,39.06,40
45708,72.67,42974,309737,40.2,4113,44277,30.87,7067,194831,32.9,250,18434,70.9,2739,38.58,1558
45707,74.02,32295,309342,42.96,3737,43718,30.24,6282,193976,32.27,175,18362,72.23,4137,41.23,1190
45706,75.74,46175,310867,44.26,2260,42976,30.83,6113,190012,32.88,50,18382,73.92,2775,42.56,764
45705,77.21,26537,313288,45.29,1479,42598,31.32,123,189295,33.37,0,18332,75.34,3620,43.41,37
45702,79.75,32366,313285,46.71,1971,42360,31.32,6609,189298,33.37,419,18332,77.84,1563,44.8,0
45701,78.05,43482,313902,46.06,2267,42294,30.56,2189,188629,32.59,418,18446,76.15,2885,44.23,5
45700,80.29,31617,314720,46.22,3864,42421,30.29,6562,188952,32.32,254,18679,78.33,3110,44.41,1395
45699,82.59,30997,312360,47.65,4455,41984,30.2,5859,186634,32.22,652,18433,80.6,1752,45.73,122
45698,82.94,25919,309021,48.4,1834,41985,29.7,3493,184872,31.72,398,17883,80.96,1821,46.5,102
45695,82.28,21363,307153,46.97,3087,42353,29.95,5373,183019,31.96,825,17600,80.29,2764,45.07,710
45694,81.93,31289,307136,45.82,2719,42916,30.18,5673,181561,32.2,1114,17433,79.94,5087,43.92,76
45693,81.12,28077,302392,45.73,5481,43287,30.43,2883,180558,32.45,631,16912,79.14,3173,43.83,1384
45692,80.88,34146,300191,44.09,4007,42708,30.73,1582,180199,32.76,63,16636,78.86,2783,42.19,271
45691,80.96,42835,299817,45.05,4611,42895,30.54,3664,180047,32.58,259,16606,78.92,8743,43.19,20
45688,83.93,25673,298024,45.81,5338,44098,31.07,2068,179692,33.12,11,16763,81.79,1650,43.93,246
45687,82.66,30008,296306,44.25,5234,44706,30.92,2618,179144,32.97,35,16764,80.5,3641,42.33,178
45686,82.95,33851,295720,42.15,3620,45165,31.07,3115,178302,33.09,166,16754,80.76,1785,40.3,258
45685,80.26,31799,296177,40.02,5793,45725,30.95,9682,178287,32.97,1096,16724,78.12,1996,38.22,259
45684,79.36,29406,295952,35.39,1003,45452,30.5,8457,177617,32.47,2050,16921,77.22,2614,33.82,54
45681,81.67,27479,295959,35.12,1854,45432,31.17,7141,175656,33.16,1475,15871,79.49,1459,33.62,161
45680,80.76,39240,298028,33.69,2109,45664,31.21,3673,175020,33.21,275,14521,78.59,7579,32.21,230
45679,78.94,26233,298262,32.65,2643,45687,31.58,4745,174436,33.58,75,14421,76.83,3500,31.2,1360
45678,80.27,33204,297541,32.89,882,45423,31.56,6907,172676,33.55,598,14420,78.13,3645,31.51,40
45677,79.99,28308,298121,32.97,2318,45264,32.3,274,171039,34.34,0,13897,77.86,2946,31.55,62
45674,79.26,33966,297810,31.54,2819,45111,32.3,2132,170992,34.34,75,13897,77.11,3005,30.19,26
45673,78.33,29682,296081,32.57,2571,45314,32.53,7341,170950,34.57,1167,13897,76.19,3000,31.06,229
45672,77.98,32855,294142,33.36,2395,44706,32,11649,171229,34,1150,12939,75.83,2477,31.79,350
45671,76.96,23687,293909,34.31,1035,44417,32.39,13675,170949,34.44,1565,12398,74.83,4651,32.69,50
45670,76.92,30685,293042,35.1,1440,44111,35.32,2416,169288,37.52,300,12578,74.81,2324,33.48,56
45667,74.85,28426,293931,34.88,1392,44435,34.82,2073,169173,37.02,12,12328,72.81,3235,33.2,120
45666,73.46,26921,293657,34.19,1375,44295,35.1,1931,169131,37.26,75,12326,71.45,2378,32.53,54
45665,72.17,25207,293213,34.54,2744,44255,35.17,2679,169160,37.35,275,12301,70.18,1733,32.92,605
45664,74.04,26669,292105,34.6,1545,43941,36.22,3403,169246,38.47,100,12251,72.03,5058,33,26
45663,74.36,25515,290888,35.55,1259,43642,36.82,3551,168976,39.08,1000,12151,72.33,5411,33.89,5
45660,75.94,23016,288274,36.61,1071,43697,36.61,1551,169734,38.9,0,11334,73.86,3057,34.84,409
45659,75.19,26454,288343,36.38,852,43448,36.52,906,170013,38.81,2,11334,73.14,443,34.61,5
45658,,,,,,,,,,,,,,,,
45657,73,14671,290057,35.98,768,43264,36.31,736,169943,38.6,0,11336,70.95,731,34.21,50
45656,71.98,15227,291975,35.35,765,43107,36.23,1211,170159,38.52,0,11336,69.96,432,33.69,167
45653,71.56,13792,293957,34.92,780,43013,36.06,330,170683,38.35,0,11336,69.51,582,33.26,14
45652,69.47,0,294546,34.07,0,42833,36.17,486,170790,38.46,0,11336,67.44,0,32.46,0
45651,69.47,0,0,,,,,,,,,,67.44,0,,
45650,69.47,6139,294548,34.07,212,0,35.98,482,170909,38.25,0,11336,67.44,144,32.46,32
45649,69.68,16222,295328,34.35,952,42816,36,2657,170987,38.27,0,11336,67.65,553,32.74,16
45646,68.2,16854,295576,34.11,1387,42447,36.01,7234,169640,38.28,79,11336,66.21,5434,32.51,136
45645,67.69,34211,297267,34.29,2390,42010,35.95,3652,168367,38.22,180,11262,65.71,3579,32.66,714
45644,64.86,25366,301001,33.58,1968,41402,35.96,5991,167772,38.2,100,11186,62.98,4055,31.92,5533
45643,64.26,26897,298481,33.5,2702,40891,36.74,7568,167786,39.01,100,11186,62.33,3203,31.79,825
45642,65.27,32370,294651,35.14,1360,40680,36.05,2846,167196,38.29,126,11186,63.32,1647,33.44,76
45639,66.47,22638,293743,35.5,1156,40740,35.99,2490,167135,38.22,150,11237,64.42,1272,33.53,100
45638,68.17,23493,288113,36.4,3531,40227,35.98,5159,166970,38.16,1035,11237,66.07,1544,34.41,25
45637,70.75,20671,283521,36.93,1914,37641,35.17,6590,167006,37.3,500,11172,68.59,3147,34.95,653
45636,70.27,24052,278267,36.44,2389,36222,35.3,3788,165661,37.43,0,11172,68.13,3434,34.5,37
45635,68.43,25664,271912,36.65,3200,36422,35,6667,164063,37.13,524,11172,66.32,4827,34.7,65
45632,70.43,10887,262513,37.34,2260,35091,34.93,3645,164512,37,48,11196,68.24,2572,35.31,27
45631,69.43,10188,259235,38.14,2044,34243,33.81,5986,163167,35.86,615,11219,67.26,1409,36.11,151
45630,69.95,8806,254567,38.29,2106,33037,34.64,10029,161231,36.73,2306,11169,67.77,1062,36.22,11
45629,70.58,14709,250176,38.67,1912,31280,35.81,6883,158419,37.93,116,11048,68.4,2732,36.57,21
45628,70.95,11661,247746,38.88,3294,29894,36.2,14998,154896,38.34,352,10949,68.73,1320,36.75,52
45625,70.49,7092,246043,38.58,1108,28934,36.3,531,147698,38.45,0,10597,68.28,818,36.45,2293
45624,69.75,4581,244430,38.62,802,28545,35.96,9,147514,38.11,0,10597,67.5,4224,36.48,1598
45623,70.59,5811,243229,38.05,7866,28089,35.96,4265,147514,38.11,42,10597,68.33,2560,35.88,1285
45622,71.35,7082,241479,39.19,1636,22234,36,5498,145597,38.15,264,10606,69.07,2306,36.98,515
45621,71.99,12607,237969,39.58,2941,20869,35.61,2354,143170,37.72,311,10710,69.69,1872,37.34,1115
45618,71.4,8453,241559,39.41,1653,19881,35.53,13566,142716,37.64,266,10541,69.08,10320,37.15,805
45617,72.18,11264,240880,39.9,1516,18846,35.24,7344,132635,37.34,50,10504,69.79,1286,37.61,1033
45616,70.53,6486,242718,39.01,2195,18641,35.45,19248,131262,37.54,116,10514,68.19,3121,36.77,821
45615,70.26,10821,242146,39.16,2651,17972,36.07,11303,128889,38.2,75,10535,67.93,1735,36.92,150
45614,71.68,7557,240186,40.17,638,16855,36.22,3208,124111,38.35,0,10460,69.3,1877,37.97,112
45611,70.08,6623,240124,40.2,223,16919,36.17,10054,123193,38.3,2255,10460,67.79,3664,37.97,129
45610,70.31,11642,239097,40.28,737,16842,36.54,11205,120369,38.7,607,11898,68.03,1825,38.04,78
45609,68.33,8020,236767,39.58,918,16818,38.78,8058,116856,41.03,59,12089,66.07,2470,37.37,1449
45608,69.56,8622,237379,40.49,90,16034,39.43,8605,112099,41.73,1392,12139,67.28,1655,38.29,200
45607,69.64,6948,236910,40.65,38,16122,40.9,5004,108962,43.22,285,13175,67.32,3283,38.44,12
45604,70.11,8315,235001,41.05,487,16113,40.68,1896,106598,42.99,470,13151,67.74,1837,38.85,75
45603,68.05,7789,231619,39.98,74,15663,40.64,2107,106708,42.97,50,13451,65.76,1569,37.8,27
45602,65.73,8042,230601,39.74,647,15628,40.22,5131,105410,42.56,360,13470,63.49,1772,37.57,2040
45601,66.36,3554,230374,40.34,4,15203,39.4,3064,102329,41.68,1600,14005,64.01,1632,38.11,80
45600,67.29,4535,229045,39.97,63,15201,39.61,5528,102516,41.89,65,13969,64.93,1176,37.75,421
45597,65.91,5220,227307,39.87,128,15162,40.14,4015,100436,42.48,1419,13979,63.57,2079,37.63,26
45596,66.63,5811,227231,39.86,807,15059,40.09,3736,101235,42.43,388,13106,64.26,910,37.63,306
45595,67.46,3932,226655,39.27,85,14259,39.56,1365,98655,41.88,251,12718,65.14,2073,37.08,1793
45594,69.27,5789,226326,41.11,204,14239,39.19,2066,98633,41.5,350,12468,66.93,2354,38.88,5
45593,68.39,2078,225848,40.4,2819,14138,39.15,1462,99704,41.46,100,12143,66.05,789,38.17,13
45590,69,7864,225509,41.17,276,12537,39.25,1498,99159,41.53,0,12118,66.59,2001,38.87,33
45589,68.61,3582,227510,42.03,74,12261,38.82,2815,97875,41.12,0,12118,66.25,3589,39.67,79
45588,66.82,4884,226876,42.51,176,12191,39.41,1803,97014,41.72,0,12118,64.51,1023,40.13,20
45587,64.18,4727,227039,42.3,8,12015,39.66,7762,96213,41.97,1020,12118,61.89,6809,39.96,525
45586,63.7,2511,225342,41.85,90,12014,40.7,3229,94245,43.03,0,11138,61.4,2555,39.53,1313
45583,64.23,5128,224244,40.86,42,11989,41.04,2306,92741,43.36,819,11638,61.9,3550,38.53,939
45582,64.98,4527,223763,40.53,125,11989,40.51,3272,92888,42.83,100,11837,62.58,1643,38.16,53
45581,65.06,5444,221765,40.56,260,11977,40.88,4373,91839,43.2,350,11852,62.62,2683,38.2,1912
45580,67.2,3471,221165,41.02,82,11727,40.49,7681,90762,42.8,2065,11587,64.66,2945,38.67,750
45579,68.12,2263,220105,40.77,51,11686,39.34,2233,90046,41.6,5,11337,65.52,2700,38.41,45
45576,66.73,2863,219760,39.51,1030,11676,38.99,908,89254,41.25,0,11342,64.17,1972,37.17,1501
45575,67.12,2842,218844,39.98,546,11201,38.74,1904,88890,41,0,11342,64.54,1445,37.69,1066
45574,64.07,10826,218706,38.48,116,10655,39.03,1414,89084,41.29,0,11342,61.57,3035,36.25,276
45573,62.32,7426,213895,37.86,245,10540,39.66,1662,88109,41.93,0,11342,59.87,3093,35.64,11
45572,63.78,4306,212171,37.14,122,10330,39.3,1919,87105,41.57,400,11342,61.32,1500,34.92,175
45569,64.02,4314,211471,37.83,635,10263,39.18,4969,86152,41.4,1355,11192,61.58,1934,35.59,50
45568,64.71,2414,210463,38.46,1263,9633,38.71,4569,85252,40.88,490,11810,62.28,1031,36.23,95
45567,64.54,9234,210552,37.38,1036,8392,38.41,1784,83534,40.55,0,11825,62.11,2789,35.15,1524
45566,65.57,9541,203830,37.86,172,7957,37.91,845,83495,40.03,100,11825,63.11,4644,35.62,172
45565,67.6,2186,197874,38.27,3,7795,38.11,1123,83221,40.26,15,11840,65.03,1795,36,48
45562,68.39,1945,197129,38.81,25,7793,37.87,811,82770,39.99,0,11840,65.77,2869,36.5,522
45561,68.6,3502,196698,38.94,718,7768,37.22,1321,82369,39.34,160,11840,65.94,3237,36.61,542
45560,67.31,3665,194595,40.33,148,7697,37.35,3449,82327,39.45,39,11680,64.66,2259,37.9,25
45559,65.91,3884,193567,40.52,1055,7667,37.49,941,83817,39.61,0,11641,63.29,3027,38.05,2334
45558,66.18,3429,192155,40.82,17,6716,37.87,1735,83487,39.99,220,11641,63.52,5040,38.31,36
45555,65.49,1667,190546,41.43,226,6701,37.68,1113,83140,39.82,0,11556,62.79,2979,38.89,386
45554,64.9,6640,190387,41.03,175,6475,37.54,1087,82128,39.68,0,11556,62.21,3830,38.48,809
45553,65.81,3433,189493,41.66,274,6500,37.46,2089,81953,39.6,45,11556,63.08,3431,39.04,2873
45552,66.43,8264,189036,42.67,530,6491,37.53,981,82004,39.68,0,11586,63.71,2833,40.06,8
45551,65.31,4255,189674,43.71,9,6430,37.41,509,81695,39.56,25,11586,62.58,3817,41.07,49
45548,67.11,2816,190449,44.99,675,6422,37.59,4439,81436,39.75,30,11601,64.32,3688,42.3,0
45547,67.59,2472,190306,44.62,10,5777,37.02,1111,79695,39.18,0,11601,64.77,3303,41.93,61
45546,68.55,4481,190071,44.56,3548,5777,36.53,1597,79390,38.67,20,11601,65.71,4302,41.83,269
45545,67.1,3641,191308,44.41,0,5226,36.26,2281,78508,38.4,860,11581,64.23,2749,41.65,75
45544,68.73,2720,190241,44.79,0,5226,36.87,2360,77638,39.05,9,11001,65.81,2486,42.02,80
45541,68.71,13175,188662,43.95,0,5226,35.98,4143,76229,38.15,1015,11010,65.77,3833,41.11,1101
45540,68.46,2580,181332,44.17,76,5226,36.49,2701,74601,38.71,256,10260,65.46,3062,41.33,1428
45539,69.3,3200,180006,43.97,14,5151,37.08,3052,74485,39.33,175,10004,66.24,2262,41.08,3791
45538,70.54,3665,178478,44.54,0,5137,37.58,2508,72531,39.87,42,10014,67.37,4854,41.62,4
45537,72.9,964,177750,44.9,0,5137,37.12,0,70738,39.33,0,10014,69.6,5625,41.98,1000
45534,72.75,1806,177653,45.53,610,5153,37.12,2262,70738,39.33,0,10014,69.45,6397,42.59,12
45533,73.49,1929,176674,44.29,0,5143,36.64,3048,69601,38.85,0,10014,70.2,5043,41.48,173
45532,73.22,1495,176117,43.83,0,5143,36.31,1770,67889,38.52,0,10014,69.88,4013,41.01,300
45531,73.98,1662,175271,42.5,0,5143,36.29,1866,66657,38.5,390,10014,70.58,4987,39.68,400
45530,72.95,947,175115,42.23,0,5143,35.46,2160,66282,37.64,136,10144,69.61,1673,39.37,0
45527,73.59,1368,174789,42.23,0,5143,34.37,1901,64997,36.5,500,10017,70.23,616,39.37,5
45526,74.05,3608,174481,42.13,62,5143,34.55,6108,64640,36.71,500,9517,70.65,3173,39.27,125
45525,74.69,1944,174081,42.75,16,5093,33.15,4006,62830,35.23,453,9017,71.19,2009,39.82,3056
45524,75.67,2177,173956,43.12,151,5077,34.62,4569,61236,36.76,520,8614,72.11,2562,40.19,28
45523,75.72,1220,173342,42.63,0,4938,34.8,245,59636,36.96,0,8134,72.17,1394,39.88,1250
45520,75.08,1402,172958,42.93,190,4938,34.89,348,59616,37.05,2,8134,71.54,1288,40.18,0
45519,74.61,2554,172595,42.58,0,4915,35.06,2017,59527,37.22,0,8132,71.11,2271,39.83,69
45518,74.36,992,171517,40.83,0,4915,35.52,643,59383,37.68,0,8132,70.88,962,38.06,243
45517,73.75,1517,171117,40.47,0,4915,35.65,592,58806,37.81,15,8132,70.28,1425,37.71,0
45516,75.18,3315,171091,40.71,0,4915,35.58,935,58583,37.74,20,8117,71.63,846,37.96,17
45513,72.61,2276,171297,39.87,0,4915,35.93,761,59110,38.12,10,8097,69.13,1107,37.11,23
45512,73.54,3562,171422,40.59,400,4915,36.15,1652,59282,38.35,25,8087,70.04,1679,37.83,237
45511,73.04,3377,170526,40.28,0,4515,36.66,1433,59444,38.86,10,8062,69.55,4156,37.36,1841
45510,72.39,2319,169899,41.13,0,4515,36.57,2266,59412,38.77,1028,8062,68.95,3030,38.24,16
45509,71.1,4520,169100,40.68,154,4515,36.1,2217,59569,38.28,55,9039,67.73,987,37.78,55
45506,73.04,3796,167969,40.92,100,4448,36.46,3147,59034,38.67,40,8984,69.53,2239,38.01,25
45505,73.73,3219,167889,42.09,825,4360,37.35,2509,57840,39.72,5,9009,70.1,1559,39.08,214
45504,71.75,2931,167681,40.54,60,3870,36.2,3224,55804,38.56,262,9009,68.14,6357,37.45,1
45503,71.18,982,167790,41.02,98,3815,34.95,4060,54818,37.27,292,8769,67.54,4554,37.86,228
45502,71.24,1048,167500,41.81,224,3764,35.58,518,52089,37.94,167,8688,67.58,1723,38.46,305
45499,70.44,906,166817,41.85,0,3562,36.16,705,51918,38.53,270,8531,66.76,174,38.67,150
45498,69.34,1557,166425,42.05,0,3562,36.56,292,51648,38.96,100,8481,65.71,1582,38.88,134
45497,70.99,3463,166297,41.81,0,3562,37,29,51648,39.43,57,8381,67.28,2049,38.62,2067
45496,68.28,4732,164885,42.7,59,3562,37.07,127,51658,39.5,17,8328,64.62,1210,39.47,71
45495,67.26,3322,165646,42.27,35,3503,37.04,28,51608,39.46,0,8311,63.63,2734,39.07,15
45492,68.88,1947,165167,42.98,0,3468,37.16,51,51583,39.6,0,8311,65.17,861,39.81,26
45491,69.03,3341,164764,43.39,0,3468,37.18,756,51572,39.62,76,8311,65.29,2425,40.19,0
45490,69.16,3812,164639,43.19,5,3468,36.78,4243,50982,39.18,1180,8235,65.38,4260,39.97,210
45489,70.65,1053,163811,43.27,30,3463,36.72,4718,50552,39.12,1010,7185,66.83,1552,39.98,191
45488,70.32,2670,163718,42.78,105,3433,37.74,1832,49330,40.17,0,6175,66.45,1454,39.51,73
45485,71.91,2550,164274,43.07,30,3348,38.32,1620,47859,40.81,100,6175,67.96,1148,39.75,158
45484,71.11,2752,163356,43.63,137,3318,38.46,3042,47114,40.96,500,6075,67.15,1847,40.25,36
45483,70.74,4636,162986,44.39,129,3210,38.72,1560,45281,41.27,0,6075,66.72,8837,40.89,3305
45482,71.36,3260,160065,45.49,0,3085,40.24,958,44521,42.82,0,6075,67.3,3080,41.92,43
45481,71.79,4289,159894,46.34,43,3085,40.85,0,44682,43.43,0,6075,67.72,6116,42.77,76
45478,73.23,5200,157897,47.95,0,3066,40.63,50,44682,43.21,0,6075,69.03,2215,44.15,1055
45477,72.96,2281,161709,49.18,0,3066,40.77,0,44632,43.35,0,6075,68.73,3116,45.36,5
45476,73.64,4512,160541,48.49,0,3066,40.77,655,44632,43.35,0,6075,69.42,24064,44.7,380
45475,73.52,5387,161889,49.32,0,3066,40.79,0,44627,43.37,0,6075,69.33,3342,45.51,38
45474,70.83,7398,160176,48.31,0,3066,40.65,20,44627,43.23,0,6075,66.72,1353,44.5,10
45471,70.19,1410,159890,48.86,0,3066,40.41,141,44607,42.99,0,6075,66.13,583,45,5
45470,69.36,2996,160257,48.62,0,3066,40.29,352,44471,42.87,0,6075,65.33,2832,44.76,185
45469,69.62,2225,159993,48.58,8,3066,39.69,2702,44121,42.27,0,6075,65.58,2265,44.72,2882
45468,70.61,3473,160264,50.1,0,3066,39.15,327,43121,41.69,0,6075,66.55,3396,46.29,1353
45467,70.08,4105,159409,48.46,2,3066,38.6,2122,43190,41.14,0,6075,65.97,4027,44.64,4
45464,70.9,5083,158226,47.38,0,3066,38.15,1572,43800,40.69,0,6075,66.71,3401,43.53,55
45463,72.08,2859,155505,48.05,81,3066,38.75,758,43978,41.29,0,6075,67.73,3046,44.26,283
45462,73.19,877,153770,51.99,0,2993,39.02,0,43397,41.56,0,6075,68.83,1516,47.89,217
45461,71.28,2022,153737,52.65,2,2993,39.02,287,43397,41.56,0,6075,67.04,4051,48.56,377
45460,70.73,1434,153579,51.95,0,2995,39.15,1761,43388,41.69,0,6075,66.54,1844,47.87,322
45457,71.04,9238,153559,51.22,0,2995,38.84,934,43057,41.38,0,6075,66.82,1677,47.14,0
45456,73.68,1040,148000,51.95,0,2995,39.3,1405,43373,41.9,500,6075,69.19,1932,47.89,0
45455,73.7,1625,147981,51.37,0,2995,39.47,1950,43739,42.08,500,5575,69.21,1561,47.33,1403
45454,73.66,3366,147524,50.59,0,2995,39.35,1014,43609,41.96,0,5075,69.09,2128,46.55,77
45453,73.85,1771,146438,49.13,19,2995,39.71,1024,43109,42.32,0,5075,69.25,1340,45.01,0
45450,74.43,2033,146728,49.94,3,2985,39.69,150,42631,42.3,0,5075,69.79,749,45.99,10
45449,75.16,1738,145469,49.58,0,2985,39.72,2800,42631,42.33,0,5075,70.49,1436,45.53,4
45448,74.82,3187,145667,49.08,0,2985,38.51,3914,41365,41.12,0,5075,70.2,4364,45.08,84
45447,75.36,3928,145957,49.74,0,2985,38.77,8466,37599,41.39,2265,5075,70.68,2413,45.78,89
45446,77.69,2798,146098,51.05,1,2985,40.54,981,33621,43.19,0,4075,72.86,2195,47.13,160
45443,77.23,1953,145778,51.01,0,2986,41.68,142,33072,44.4,0,4075,72.38,1723,47.04,153
45442,78.64,3193,145416,48.82,30,2986,41.88,557,32940,44.6,0,4075,73.74,1527,44.87,93
45441,76.96,2892,144649,47.42,0,2986,43.48,505,32735,46.2,0,4075,72.13,995,43.56,2063
45440,77.66,2539,144517,47.65,33,2986,43.39,272,32730,46.11,0,4075,72.8,5471,43.7,390
45439,79.47,921,144483,48.22,0,3017,43.31,0,32864,46.03,0,4075,74.41,579,44.3,0
45436,78.71,2737,144404,48.22,15,3017,43.31,1265,32864,46.03,0,4075,73.76,4896,44.3,930
45435,78.92,4107,144303,46.87,0,3002,43.06,646,33367,45.78,0,4075,73.93,10153,42.99,91
45434,79.23,2166,143799,45.49,20,3002,42.85,145,33229,45.57,0,4075,74.34,8383,41.92,33
45433,79.31,1259,143504,45.48,2,2982,42.67,373,33154,45.39,0,4075,74.4,4211,41.91,181
45432,77.21,1417,143301,45.03,0,2983,42.74,105,33001,45.46,0,4075,72.4,4700,41.53,138
45429,73.55,1662,143216,41.91,26,2983,42.42,503,32988,45.14,0,4075,68.96,1815,38.52,44
45428,72.91,7248,143687,41.8,0,2965,42.68,162,33235,45.4,0,4075,68.37,2104,38.44,12
45427,72.27,2407,142393,40.98,25,2965,42.27,133,33308,44.99,0,4075,67.73,3952,37.68,2374
45426,73.11,1011,141530,39.07,8,2940,42.08,555,33215,44.8,0,4075,68.47,412,35.78,4
45425,72.65,1223,141416,39.83,0,2932,42.06,488,33040,44.78,0,4075,68.08,7562,36.51,66
45422,74.82,2070,141262,40.64,0,2932,42.24,4,32766,44.96,0,4075,70.09,8014,37.18,75
45421,76.21,1019,141298,40.28,0,2932,42.58,4,32762,45.3,0,4075,71.41,2356,36.94,64
45420,74.57,2175,141363,39.68,0,2932,42.82,655,32758,45.54,0,4075,69.89,5314,36.43,32
45419,73.79,1178,141182,39.62,0,2932,42.91,81,32403,45.63,0,4075,69.18,4566,36.36,81
45418,76.08,519,141441,39.12,0,2932,42.9,750,32361,45.62,0,4075,71.32,1845,35.81,0
45415,74.85,8736,141508,39.12,0,2932,42.15,310,32261,44.87,0,4075,70.16,3369,35.81,5
45414,75.4,2243,133954,39.51,0,2932,41.9,123,32071,44.62,0,4075,70.64,6883,36.2,115
45413,70.6,241,133409,38.75,1153,2932,41.68,852,31956,44.4,0,4075,66.08,15,35.48,1247
45412,71.32,3552,133314,37.88,31,1829,41.68,360,31104,44.37,0,4075,66.75,1365,34.58,2171
45411,68.16,647,130858,37.45,0,1801,41.85,0,30844,44.56,0,4075,63.79,2396,34.16,165
45408,69.62,1189,130675,38.18,0,1801,42.03,10,30844,44.74,0,4075,65.14,2340,34.84,103
45407,71.14,4806,130520,38.57,0,1801,42.09,355,30834,44.8,0,4075,66.56,5253,35.13,1217
45406,69.21,2914,128942,39.22,2,1801,42.07,14,30836,44.78,0,4075,64.71,3706,35.83,479
45405,68.32,2137,127061,38.76,1,1799,42.39,2873,30832,45.11,0,4075,63.91,3344,35.41,3927
45404,68.99,9361,126938,38,0,1799,42.63,105,28605,45.35,0,4075,64.54,5885,34.63,1904
45401,71.55,2372,120467,37.13,0,1799,42.91,513,28585,45.61,0,4075,66.94,2609,33.75,73
45400,74.35,4234,120558,37.3,0,1799,42.68,4,28072,45.38,0,4075,69.57,6393,33.9,72
45399,72.75,3314,119421,37.67,2,1799,42.69,28,28068,45.41,0,4075,68.08,27749,34.27,1747
45398,76.52,3797,119365,39.06,0,1797,42.62,53,28055,45.34,0,4075,71.59,3874,35.56,0
45397,73.27,2567,118369,38.14,15,1797,42.84,291,28055,45.54,0,4075,68.63,5634,34.66,7
45394,74.3,3982,118347,40.13,0,1795,43.05,22,27769,45.75,0,4075,69.58,5665,36.75,209
45393,70.69,5649,117910,39.15,2,1795,42.85,114,27769,45.55,0,4075,66.14,3034,35.8,276
45392,65.3,1763,115881,36.9,1,1795,42.54,1189,27733,45.24,0,4075,61.12,5938,33.58,248
45391,66.48,3358,115841,37.38,0,1794,42.66,581,27516,45.36,0,4075,62.28,3674,34.07,70
45390,65.91,4505,114679,37.94,0,1794,41.33,703,27140,44.03,500,4075,61.73,2824,34.56,2
45387,62.93,4062,112976,37.48,0,1794,41.8,300,27507,44.49,0,3575,58.84,3402,34.08,207
45386,60.79,1597,110302,36.71,5,1794,42.14,100,27302,44.83,0,3575,56.84,3281,33.37,120
45385,59.65,4590,110550,36.5,0,1789,42.52,604,27295,45.23,0,3575,55.76,2866,33.05,906
45384,61.02,2710,107649,37.05,5,1789,42.74,5,27371,45.45,0,3575,57.03,2002,33.61,151
45383,64.19,0,107063,39.36,0,1784,42.74,840,27368,45.45,0,3575,59.98,0,35.86,0
45380,,,,,,,,,,,,,,,,
45379,64.19,1206,107063,39.36,0,1784,42.37,2425,27363,45.08,800,3575,59.98,5084,35.86,125
45378,64.81,4239,106963,39.67,0,1784,41.76,2776,27762,44.46,500,2775,60.58,5969,36.15,5
45377,64.63,3683,104300,40.15,0,1784,41.41,737,27870,44.13,250,2275,60.4,5780,36.62,668
45376,67.41,2387,102934,41.51,2,1784,42.51,3512,27674,45.16,500,2025,63.08,3997,37.96,515
45373,63.82,5309,102051,39.5,0,1784,43.63,0,25663,46.21,0,1525,59.66,2169,36.03,164
45372,61.32,3293,98012,37.44,0,1784,44.04,5,25663,46.62,0,1525,57.28,4673,33.95,1036
45371,62.94,2318,97101,38.37,5,1784,43.28,35,25654,45.86,0,1525,58.8,1893,34.9,1611
45370,63.13,3810,96645,37.99,5,1782,42.44,10,25674,45.02,0,1525,59,4382,34.28,72
45369,63.73,3600,95512,39.96,0,1777,42.16,34,25678,44.74,0,1525,59.56,2618,36.37,31
45366,61.61,1504,95780,39.55,0,1777,42.32,44,25671,44.9,0,1525,57.56,3664,35.94,2
45365,60.64,2864,95452,39.79,50,1777,41.55,1415,25648,44.13,0,1525,56.66,4946,36.18,147
45364,58.14,2108,94597,38.56,0,1727,40.34,855,25085,43.02,0,1525,54.29,1415,35.04,46
45363,58.61,2423,93432,38.45,300,1727,43.37,537,24286,46.05,500,1525,54.75,4100,34.91,214
45362,58.31,2034,92770,36.82,0,1427,43.76,628,24766,46.46,0,1025,54.42,6531,33.38,11
45359,60.54,3404,91876,37.22,250,1427,44.08,1486,24138,46.78,500,1025,56.53,6389,33.77,15
45358,61.41,4351,91422,37.49,0,1177,44.36,664,23652,47.21,0,525,57.26,4486,33.93,400
45357,61.49,6441,89388,38.05,0,1177,44.37,1100,22988,47.22,0,525,57.36,4353,34.54,1245
45356,62.84,2661,86525,38.25,0,1177,44.88,0,21888,47.73,0,525,58.63,6905,34.76,0
45355,59.23,4423,86083,36.54,0,1177,44.95,110,21888,47.8,0,525,55.2,6160,33.05,289
45352,58.55,3429,83808,37.01,0,1177,45.27,25,21788,48.12,0,525,54.54,4247,33.49,47
45351,58.15,2330,81526,37.32,0,1177,45.07,124,21763,47.92,25,525,54.16,6462,33.76,848
45350,60.05,1940,80777,38.91,3,1177,44.73,102,21639,47.61,0,500,55.95,7184,35.31,98
45349,57.8,1601,80663,37.49,0,1176,44.39,1045,21484,47.27,500,500,53.9,6933,33.95,2243
45348,56.04,3210,80354,36.93,0,1176,45.13,13,20484,48.01,0,0,52.21,6825,33.38,248
45345,54.21,2338,78220,37.01,0,1176,45.67,300,20484,48.55,0,0,50.5,2622,33.5,364
45344,54.82,3810,77246,35.85,9,1176,45.8,10,20184,48.68,0,0,51.03,11033,32.27,109
45343,56.58,1889,75307,36.02,0,1167,45.08,10,20174,47.96,0,0,52.76,4186,32.52,803
45342,56.32,2507,74662,35.95,2,1167,45.15,259,20174,48.03,0,0,52.51,2063,32.42,5
45341,55.53,3166,74208,35.5,0,1165,45.36,0,19915,48.24,0,0,51.76,6846,31.93,7
45338,59.29,1950,73447,36.94,0,1165,45.36,1336,19915,48.24,0,0,55.26,2630,33.31,5
45337,60.03,2022,72666,38.1,12,1165,45.56,550,18829,48.44,0,0,55.98,1009,34.43,10
45336,58.7,4078,72735,37.76,10,1160,45.67,27,18279,48.55,0,0,54.74,1978,34.05,81
45335,58.51,3038,71375,37.25,0,1150,45.59,155,18254,48.47,0,0,54.53,7333,33.68,179
45334,58.95,2401,70085,36.47,0,1150,45.75,1026,18159,48.63,0,0,54.96,2764,32.86,76
45331,60.9,1682,69624,37.22,0,1150,45.88,44,18134,48.76,0,0,56.79,4790,33.55,191
45330,62.95,1172,69807,36.63,0,1150,45.9,373,18090,48.78,0,0,58.71,5479,32.96,564
45329,64.63,1640,69621,36.76,20,1150,46.13,45,17979,49.01,0,0,60.3,873,33.07,1089
45328,65.82,3246,69154,37.65,33,1130,46.32,75,17954,49.2,0,0,61.44,4601,33.94,123
45327,64.9,3511,68946,40.27,0,1110,46.52,0,17948,49.27,0,0,60.55,6629,36.43,100
45324,65.63,8168,68148,39.54,70,1110,46.45,254,17948,49.2,0,0,61.27,5160,35.77,74
45323,64.36,3874,65014,38,250,1040,46.31,254,17694,49.06,0,0,60.08,4520,34.46,59
45322,66.37,1935,63840,36.34,11,790,45.98,1330,17440,48.73,0,0,61.96,1682,32.89,182
45321,65.73,5919,63316,34.95,0,782,46.05,0,16183,48.67,0,0,61.33,1643,31.55,8
45320,63.98,1828,63060,33.33,9,782,46.2,0,16183,48.82,0,0,59.6,5740,29.9,1852
45317,65.82,2973,62176,35.23,0,775,46.18,18,16183,48.8,0,0,61.36,2288,31.71,145
45316,65.44,3176,61597,35.81,0,775,46,506,16165,48.62,0,0,60.97,4956,32.25,628
45315,68.18,957,61140,37.1,6,775,45.95,119,15739,48.57,0,0,63.48,1208,33.47,1296
45314,65.33,702,60769,36.51,0,769,45.78,22,15620,48.4,0,0,60.78,1589,32.91,7
45313,64.26,1724,60591,36.55,255,769,46.06,1001,15598,48.68,0,0,59.79,3000,32.98,116
45310,65.94,2508,60422,37.65,0,517,46.33,21,14597,48.95,0,0,61.3,1428,34.15,202
45309,65.25,2916,58938,35.92,0,517,46.05,0,14597,48.65,0,0,60.69,1447,32.4,120
45308,65.42,1374,59301,35.33,0,517,46.11,60,14597,48.66,0,0,60.85,5108,31.72,203
45307,67.94,1886,58904,36.66,262,517,45.84,0,14597,48.39,0,0,63.24,1722,33.06,43
45306,69.58,1293,57648,37.85,0,258,45.48,0,14597,48.03,0,0,64.85,1765,34,206
45303,68.05,2518,57057,38.14,108,258,45.48,250,14597,48.03,0,0,63.44,6783,34.39,475
45302,70.23,1360,55935,39.12,0,150,45.68,0,14597,48.23,0,0,65.42,5897,35.07,518
45301,72.36,605,55501,40.71,1,150,45.9,1,14597,48.45,0,0,67.39,1131,36.59,1205
45300,74.34,968,55350,42.03,11,149,46,19,14596,48.55,0,0,69.3,1215,37.61,890
45299,74.78,1163,54987,43.69,8,138,45.9,110,14577,48.45,0,0,69.74,3005,38.87,36
45296,78.81,1258,54755,47.4,0,130,45.31,550,14567,47.81,0,0,73.56,1214,42.25,891
45295,78.19,1319,54607,47.12,0,130,45.05,0,14367,47.48,0,0,73.05,15749,41.96,20
45294,79.69,903,54900,47.99,0,130,44.69,6973,14367,47.09,0,0,74.57,17694,42.64,3
45293,78.23,1047,54851,45.48,5,130,44.64,88,14322,47.04,0,0,73.17,11886,40.13,0
45292,,,,,,,,,,,,,,,,
45289,82.87,2270,54955,49.55,1,125,44.86,0,14321,47.26,0,0,77.25,1086,43.42,275
45288,82.57,1170,55442,49.36,1,125,44.85,10,14321,47.25,0,0,77.13,2588,43.41,521
45287,82.46,951,55792,47.51,0,124,44.87,0,14321,47.27,0,0,76.91,2174,42.43,2511
45286,,,,45.51,0,124,44.78,0,14321,47.18,0,0,,,40.39,0
45285,,,,,,,,,,,,,,,,
45282,81.39,994,55948,45.51,0,124,44.66,25,14321,47.06,0,0,75.79,833,40.39,0
45281,80.41,931,55909,45.82,0,124,44.37,26,14321,46.77,0,0,74.82,1030,40.7,4484
45280,78.03,961,55639,45.63,0,124,44.27,27,14322,46.67,0,0,72.57,10054,40.53,1347
45279,74.24,906,55151,42.48,0,124,44.28,606,14322,46.68,0,0,68.87,2993,37.63,103
45278,74.52,1364,54804,40.3,0,124,44.63,507,13716,47.03,0,0,69.08,2641,35.22,122
45275,71.66,309,54518,38.69,0,124,44.55,0,13857,46.95,0,0,66.33,837,34.12,168
45274,72.14,1137,54475,37.85,0,124,45.04,0,13857,47.44,0,0,66.76,6203,33.32,88
45273,74.66,904,54264,38.91,0,124,44.99,0,13857,47.39,0,0,68.86,3946,34.23,842
45272,73.88,953,54010,38.13,0,124,44.89,0,13857,47.29,0,0,68.15,3026,33.49,3
45271,72.98,1203,53481,37.83,0,124,44.84,3,13857,47.24,0,0,67.22,3972,33.26,74
45268,74.43,417,52619,37.16,0,124,44.64,0,13857,47.04,0,0,68.56,1248,32.51,117
45267,75.44,230,52449,38.1,0,124,44.39,2008,13857,46.79,0,0,69.58,386,33.29,51
45266,74.5,526,52382,37.93,0,124,44.35,12,13849,46.75,0,0,68.73,1222,33.11,77
45265,74.33,1134,52182,40.25,0,124,44.53,1,13849,46.93,0,0,68.54,1198,35.29,50
45264,76.28,1280,51543,42.42,0,124,44.37,0,13848,46.78,0,0,70.26,683,37.19,444
45261,78.62,741,50602,43.78,0,124,44.3,0,13848,46.71,0,0,72.38,1609,38.37,1094
45260,76.92,754,50234,46,5,124,44.16,3953,13848,46.56,0,0,70.69,700,40.45,865
45259,77.35,449,49673,46.74,0,119,44.4,504,11345,46.8,0,0,70.87,1046,41.43,6184
45258,79.53,716,49719,48.2,0,119,44.56,0,10845,46.96,0,0,72.78,2806,42.72,5035
45257,80.24,707,49389,48.44,0,119,44.67,0,10845,47.07,0,0,73.45,4218,42.88,22
45254,83.41,965,49290,51.56,0,119,44.66,0,10845,47.06,0,0,76.37,1292,45.85,143
45253,83.43,5361,48959,50.61,0,119,44.79,0,10845,47.19,0,0,76.35,2471,45.05,5
45252,81.98,493,48040,48.95,0,119,44.79,0,10845,47.19,0,0,74.96,1343,43.46,0
45251,82.15,893,48130,48.89,0,119,44.38,521,10845,46.78,0,0,75.12,2015,43.48,0
45250,83.52,1279,48039,47.46,0,119,44.46,30,10339,46.86,0,0,76.35,1549,42.08,517
45247,83.41,939,48159,47.43,0,119,44.82,10,10309,47.22,0,0,76.28,1067,42.05,622
45246,83.97,1076,47963,46.7,0,119,44.8,585,10299,47.19,0,0,76.73,1960,41.29,56
45245,86.83,310,47482,47.22,0,119,44.35,525,9739,46.75,0,0,79.42,1431,41.79,923
45244,85.65,502,47579,46.51,0,119,44.1,0,9239,46.5,0,0,78.29,1058,41.06,326
45243,84.42,308,47417,46.13,0,119,44.01,0,9239,46.41,0,0,77.14,1775,40.61,0
45240,85.73,380,47426,49.94,0,119,43.98,0,9239,46.38,0,0,78.33,1688,44.36,24
45239,84.38,2754,47466,49.31,0,119,43.93,0,9239,46.33,0,0,77.02,3832,43.73,1702
45238,82.68,246,47068,48.3,0,119,44,0,9239,46.4,0,0,75.33,2427,42.67,14
45237,82.23,1437,47038,46.29,0,119,44.22,0,9239,46.62,0,0,74.88,2730,40.88,211
45236,82.96,226,46954,43.52,0,119,44.37,0,9239,46.77,0,0,75.46,2832,38.23,249
45233,84.9,395,46945,42.74,0,119,44.48,0,9239,46.88,0,0,77.24,1190,37.41,97
45232,85.87,881,46873,41.97,0,119,44.19,0,9239,46.59,0,0,78.2,2171,36.7,58
45231,85.94,306,46583,44.15,74,119,43.73,0,9239,46.13,0,0,78.1,907,38.48,956
45230,86.53,1588,46507,44.54,0,45,43.67,0,9239,46.07,0,0,78.59,1633,38.83,26
45229,86.3,588,46171,42.9,0,45,43.8,0,9239,46.2,0,0,78.25,3484,37.29,41
45226,86.94,334,45922,42.93,0,45,43.54,0,9239,45.94,0,0,78.84,2877,37.24,56
45225,87.31,1395,45713,44.05,0,45,43.49,0,9239,45.89,0,0,79.14,1346,38.28,18
45224,87.56,881,44941,44.59,0,45,43.28,0,9239,45.68,0,0,79.4,4384,38.81,167
45223,88.28,424,44427,46.15,0,45,42.67,0,9239,45.07,0,0,80.05,1337,40.19,1252
45222,88.22,636,44208,47.12,0,45,42.48,0,9239,44.88,0,0,79.96,1726,41.11,307
45219,89.18,1168,43735,48.43,0,45,42.43,0,9239,44.83,0,0,80.85,1296,42.25,14
45218,89.59,1969,42715,48.86,11,45,42.22,1000,9239,44.62,0,0,81.18,1628,42.51,1301
45217,89.69,857,42541,51.48,0,45,41.94,750,8239,44.34,0,0,81.25,5676,44.98,2275
45216,90.37,191,42061,54.91,0,45,41.73,750,7489,43.73,0,0,81.92,3415,48.23,557
45215,91.18,892,42049,57.08,0,45,41.8,0,6739,43.8,0,0,82.69,1738,50.58,58
45212,93.91,736,41956,57.74,0,45,41.8,0,6739,43.8,0,0,85.26,3154,51.4,71
45211,93.14,728,41844,55.49,0,45,41.83,0,6739,43.83,0,0,84.53,1830,49.13,102
45210,91.97,511,41754,55.35,0,45,41.88,0,6739,43.88,0,0,83.43,9155,48.99,75
45209,92.7,2571,41524,54.11,0,45,41.92,509,6739,43.92,0,0,84.13,1709,47.94,12
45208,89.58,861,40762,49.87,0,45,42.27,0,6230,44.27,0,0,81.1,19272,43.86,0
45203,89.62,532,38999,46.54,0,45,42.22,0,6230,44.22,0,0,80.96,14759,40.69,1370
45202,87.48,362,38632,46.87,0,45,42.38,0,6230,44.38,0,0,78.95,2698,41.06,75
